{
  "images": [
    {
      "size": "20x20",
      "idiom": "iphone",
      "scale": "2x",
      "filename": "icon_iphone_40.png"
    },
    {
      "size": "20x20",
      "idiom": "iphone",
      "scale": "3x",
      "filename": "icon_iphone_60.png"
    },
    {
      "size": "29x29",
      "idiom": "iphone",
      "scale": "2x",
      "filename": "icon_iphone_58.png"
    },
    {
      "size": "29x29",
      "idiom": "iphone",
      "scale": "3x",
      "filename": "icon_iphone_87.png"
    },
    {
      "size": "40x40",
      "idiom": "iphone",
      "scale": "2x",
      "filename": "icon_iphone_80.png"
    },
    {
      "size": "40x40",
      "idiom": "iphone",
      "scale": "3x",
      "filename": "icon_iphone_120.png"
    },
    {
      "size": "60x60",
      "idiom": "iphone",
      "scale": "2x",
      "filename": "icon_iphone_120.png"
    },
    {
      "size": "60x60",
      "idiom": "iphone",
      "scale": "3x",
      "filename": "icon_iphone_180.png"
    },
    {
      "size": "20x20",
      "idiom": "ipad",
      "scale": "1x",
      "filename": "icon_ipad_20.png"
    },
    {
      "size": "20x20",
      "idiom": "ipad",
      "scale": "2x",
      "filename": "icon_ipad_40.png"
    },
    {
      "size": "29x29",
      "idiom": "ipad",
      "scale": "1x",
      "filename": "icon_ipad_29.png"
    },
    {
      "size": "29x29",
      "idiom": "ipad",
      "scale": "2x",
      "filename": "icon_ipad_58.png"
    },
    {
      "size": "40x40",
      "idiom": "ipad",
      "scale": "1x",
      "filename": "icon_ipad_40.png"
    },
    {
      "size": "40x40",
      "idiom": "ipad",
      "scale": "2x",
      "filename": "icon_ipad_80.png"
    },
    {
      "size": "76x76",
      "idiom": "ipad",
      "scale": "2x",
      "filename": "icon_ipad_152.png"
    },
    {
      "size": "83.5x83.5",
      "idiom": "ipad",
      "scale": "2x",
      "filename": "icon_ipad_167.png"
    },
    {
      "size": "1024x1024",
      "idiom": "ios-marketing",
      "filename": "icon_ios-marketing_1024.png",
      "scale": "1x"
    }
  ],
  "info": {
    "version": 1,
    "author": "xcode"
  }
}