{
  "images": [
    {
      "size": "1024x1024",
      "idiom": "watch-marketing",
      "filename": "watch_1024.png",
      "scale": "1x"
    },
    {
      "size": "40x40",
      "idiom": "watch",
      "scale": "2x",
      "filename": "watch_80.png"
    },
    {
      "size": "44x44",
      "idiom": "watch",
      "scale": "2x",
      "filename": "watch_88.png"
    },
    {
      "size": "46x46",
      "idiom": "watch",
      "scale": "2x",
      "filename": "watch_92.png"
    },
    {
      "size": "40x40",
      "idiom": "watch",
      "scale": "2x",
      "filename": "watch_80.png"
    },
    {
      "size": "50x50",
      "idiom": "watch",
      "scale": "2x",
      "filename": "watch_100.png"
    },
    {
      "size": "51x51",
      "idiom": "watch",
      "scale": "2x",
      "filename": "watch_102.png"
    },
    {
      "size": "54x54",
      "idiom": "watch",
      "scale": "2x",
      "filename": "watch_108.png"
    },
    {
      "size": "24x24",
      "idiom": "watch",
      "scale": "2x",
      "filename": "watch_48.png"
    },
    {
      "size": "27.5x27.5",
      "idiom": "watch",
      "scale": "2x",
      "filename": "watch_55.png"
    },
    {
      "size": "29x29",
      "idiom": "watch",
      "scale": "2x",
      "filename": "watch_58.png"
    },
    {
      "size": "33x33",
      "idiom": "watch",
      "scale": "2x",
      "filename": "watch_66.png"
    },
    {
      "size": "86x86",
      "idiom": "watch",
      "scale": "2x",
      "filename": "watch_172.png"
    },
    {
      "size": "98x98",
      "idiom": "watch",
      "scale": "2x",
      "filename": "watch_196.png"
    },
    {
      "size": "108x108",
      "idiom": "watch",
      "scale": "2x",
      "filename": "watch_216.png"
    },
    {
      "size": "117x117",
      "idiom": "watch",
      "scale": "2x",
      "filename": "watch_234.png"
    },
    {
      "size": "129x129",
      "idiom": "watch",
      "scale": "2x",
      "filename": "watch_258.png"
    },
    {
      "size": "29x29",
      "idiom": "iphone",
      "scale": "2x",
      "filename": "watch_58.png"
    },
    {
      "size": "29x29",
      "idiom": "iphone",
      "scale": "3x",
      "filename": "watch_87.png"
    }
  ],
  "info": {
    "version": 1,
    "author": "xcode"
  }
}